﻿<?xml version="1.0" encoding="utf-8"?>
<ApplicationPackage AppVersion="1.0.1"
					SchemaVersion="1.0"
                    HelpFile=""
                    OnlineDocumentation=""
                    Name="MERLIN"
                    Description="AWI Rhino.Inside AutoCAD integration"
                    Author="AWI AS Operations Excellence"
					UpgradeCode="{20462D5B-1449-4C92-AFCD-08F381853D8A}"
                    ProductCode="{69A89957-ED81-49CF-868C-76F1F62B50F5}">
  <CompanyDetails Name="AWI Architectural Specialties"
	                Url="https://armstrongceillings.com"
	                Email="daheadley@armstrongceilings.com">
  </CompanyDetails>

  <Components>
    <RuntimeRequirements OS="Win32|Win64" Platform="AutoCAD*"/>

    <ComponentEntry ModuleName="./1.0.1/Win64/AWI.RhinoInside.AutoCAD.dll"
		            LoadOnAutoCADStartup="True"
		            LoadOnCommandInvocation="True"
                    AppName="AWI Rhino.Inside AutoCAD"/>

    <ComponentEntry ModuleName="./1.0.1/Win64/AWI.RhinoInside.CompatibilityCore.dll"
                    AppType="Dependency"
                    AppName="AWI Rhino.Inside AutoCAD"/>
	  
    <ComponentEntry ModuleName="./1.0.1/Win64/AWI.RhinoInside.CompatibilityBackwards.dll"
                    AppType="Dependency"
		            AppName="AWI Rhino.Inside AutoCAD"/>

    <ComponentEntry ModuleName="./1.0.1/Win64/AWI.RhinoInside.CompatibilityCurrent.dll"
                    AppType="Dependency"
		            AppName="AWI Rhino.Inside AutoCAD"/>

    <ComponentEntry ModuleName="./1.0.1/Win64/AWI.RhinoInside.Core.dll"
                    AppType="Dependency"
		            AppName="AWI Rhino.Inside AutoCAD"/>

    <ComponentEntry ModuleName="./1.0.1/Win64/AWI.RhinoInside.Services.dll"
                    AppType="Dependency"
		            AppName="AWI.Applications"/>

    <Commands GroupName="AWI_AUTOLOADER">
      <Command Local="AWI_EXAMPLE" Global="AWI_EXAMPLE" />
      <Command Local="AWI_C_Mainline_EXAMPLE" Global="AWI_C_Mainline_EXAMPLE" />
      <Command Local="AWI_Sheet_Folding_EXAMPLE" Global="AWI_Sheet_Folding_EXAMPLE" />
      <Command Local="AWI_Dimension_EXAMPLE" Global="AWI_Dimension_EXAMPLE" />
	  <Command Local="AWI_DataTag_EXAMPLE" Global="AWI_DataTag_EXAMPLE" /> 
	  <Command Local="AWI_ExternalDatabase_EXAMPLE" Global="AWI_ExternalDatabase_EXAMPLE" />
	  <Command Local="AWI_GeometryTests" Global="AWI_GeometryTests" />
	  <Command Local="AWI_DocumentTests" Global="AWI_DocumentTests" />
	  <Command Local="AWI_Bok_A38" Global="AWI_Bok_A38" />
	  <Command Local="AWI_Bok_A38_Rhino" Global="AWI_Bok_A38_Rhino" />
	  <Command Local="Moz_Pattern_Generator" Global="Moz_Pattern_Generator" />
	  <Command Local="AWI_Run_Remote_Script" Global="AWI_Run_Remote_Script" />
	  <Command Local="AWI_Version" Global="AWI_Version" />
      <Command Local="AWI_Polyline3dExample" Global="AWI_Polyline3dExample" />
	</Commands>
  </Components>
</ApplicationPackage>
